0,1,2,3,4
0.285,1.38,3.525,3306.5,-7.26
0.575,4.92,4.89,3815.5,-6.675
0.55,4.654999999999999,4.865,3793.5,-7.21
0.275,1.24,3.395,3270.0,-6.69
0.265,1.12,3.34,3248.5,-7.43
0.245,0.965,3.135,3166.5,-7.26
0.16,0.435,2.675,2885.0,-6.7
0.45999999999999996,3.6100000000000003,4.465,3658.0,-6.71
0.14500000000000002,0.295,2.635,2826.5,-6.365
0.18,0.555,2.795,2945.5,-7.08
0.21000000000000002,0.775,2.89,3058.5,-7.515000000000001
0.23500000000000001,0.9550000000000001,3.16,3118.0,-5.859999999999999
0.175,0.535,2.74,2935.5,-7.36
0.41000000000000003,2.96,4.255,3584.0,-6.67
0.46499999999999997,3.525,4.414999999999999,3631.0,-5.785
1.58,12.04,5.415,4494.5,-6.415
1.795,11.995000000000001,5.445,4604.0,-6.960000000000001
1.295,8.48,5.140000000000001,4306.0,-6.6850000000000005
0.215,0.795,2.96,3084.0,-7.375
0.33999999999999997,1.95,3.93,3433.0,-6.4399999999999995
0.815,5.66,4.755,3875.0,-5.99
0.185,0.56,2.87,2985.0,-7.295
0.245,1.005,3.1799999999999997,3175.5,-7.265000000000001
0.345,2.1399999999999997,3.96,3453.5,-6.65
0.375,2.565,4.109999999999999,3513.5,-6.595
1.8,12.745000000000001,5.45,4607.5,-7.915
0.99,5.93,4.48,3959.5,-5.885
0.63,5.525,5.0,3872.0,-7.04
0.465,3.635,4.505,3677.5,-7.445
0.385,2.49,4.15,3532.0,-6.57
1.1,7.4,4.825,4100.5,-5.73
0.42500000000000004,2.96,4.325,3595.5,-5.765
1.575,17.939999999999998,5.640000000000001,4514.0,-6.125
2.01,51.269999999999996,6.355,4914.0,-6.24
0.365,2.295,4.04,3492.5,-6.984999999999999
2.01,41.87,6.355,4914.0,-5.895
2.01,31.275,6.355,4914.0,-5.47
2.01,1715.0,6.355,4914.0,-3.8949999999999996
0.43500000000000005,3.375,4.365,3625.0,-6.609999999999999
