ID,A_v,Lacc,L_star,Teff,M_star,R_star,logMacc
1,18.61-15.95,0.14-0.10,1.36-1.40,3126-3487,0.22-0.35,4.00-3.05,-7.03%-7.49
2,29.21-28.02,0.71-0.61,4.87-4.97,3673-3958,0.47-0.68,5.35-4.43,-6.52%-6.83
3,23.15-21.94,0.23-0.20,4.64-4.67,3652-3935,0.45-0.65,5.31-4.42,-7.06%-7.36
5,15.69-13.61,0.49-0.39,1.19-1.29,3073-3467,0.21-0.34,3.75-3.04,-6.48%-6.90
6,9.93-7.71,0.09-0.07,1.11-1.13,3090-3407,0.21-0.32,3.72-2.96,-7.23%-7.63
7,41.51-39.76,0.13-0.10,0.95-0.98,3020-3313,0.20-0.29,3.50-2.77,-7.08%-7.44
9,20.39-19.99,0.32-0.31,0.43-0.44,2834-2936,0.15-0.17,3.00-2.35,-6.62%-6.78
10,21.65-19.50,0.58-0.44,3.54-3.68,3448-3868,0.34-0.58,4.82-4.11,-6.50%-6.92
11,43.04-43.04,0.60-0.59,0.29-0.30,2818-2835,0.15-0.14,3.01-2.26,-6.32%-6.41
13,27.45-26.68,0.17-0.16,0.55-0.56,2851-3040,0.16-0.20,3.08-2.51,-6.97%-7.19
15,28.29-26.67,0.07-0.05,0.77-0.78,2917-3200,0.17-0.25,3.14-2.64,-7.36%-7.67
16,2.63-1.99,2.54-2.44,0.90-1.01,2972-3264,0.19-0.28,3.50-2.82,-5.72%-6.00
17,36.77-35.70,0.08-0.07,0.53-0.54,2834-3037,0.15-0.20,3.00-2.48,-7.23%-7.49
18,8.96-6.78,0.62-0.48,2.89-3.03,3388-3780,0.31-0.51,4.67-3.84,-6.46%-6.88
20,27.81-26.81,4.54-3.98,3.25-3.80,3413-3849,0.34-0.59,4.77-4.06,-5.60%-5.97
21,30.49-26.48,3.41-2.11,11.39-12.69,3960-5029,0.79-2.37,6.45-4.38,-5.99%-6.84
22,15.20-10.33,1.25-0.70,11.72-12.27,4050-5158,0.92-2.67,6.86-4.03,-6.48%-7.44
23,6.51-4.12,1.52-1.09,8.26-8.70,3890-4722,0.68-1.91,6.07-4.21,-6.33%-7.04
24,4.88-3.58,0.09-0.08,0.79-0.80,2951-3217,0.18-0.25,3.29-2.63,-7.22%-7.53
25,3.97-2.62,0.89-0.75,1.88-2.02,3236-3630,0.26-0.42,4.45-3.41,-6.24%-6.64
26,12.89-11.04,4.90-4.30,5.36-5.96,3563-4187,0.49-1.14,5.31-4.20,-5.74%-6.24
27,4.72-3.75,0.10-0.09,0.55-0.57,2919-3051,0.17-0.20,3.26-2.48,-7.20%-7.39
28,17.36-15.57,0.13-0.10,0.99-1.02,3020-3331,0.20-0.29,3.50-2.86,-7.09%-7.44
29,23.28-21.00,0.59-0.45,2.07-2.21,3255-3652,0.26-0.43,4.46-3.46,-6.43%-6.87
30,16.21-14.04,0.78-0.61,2.48-2.65,3312-3715,0.28-0.47,4.56-3.66,-6.38%-6.81
31,32.89-27.37,0.14-0.07,12.71-12.78,4027-5188,0.87-2.73,6.71-4.19,-7.42%-8.41
33,20.70-18.35,6.99-6.05,5.46-6.40,3548-4371,0.48-1.50,5.28-3.68,-5.54%-6.23
34,18.50-17.15,0.35-0.30,5.50-5.55,3716-4028,0.50-0.76,5.43-4.57,-6.88%-7.20
38,17.66-15.55,0.12-0.09,3.62-3.65,3509-3846,0.37-0.56,4.96-4.05,-7.25%-7.64
39,28.21-26.36,0.77-0.63,2.42-2.56,3349-3715,0.30-0.47,4.64-3.66,-6.37%-6.77
40,21.99-19.73,9.53-8.01,6.64-8.16,3684-4517,0.55-1.65,5.53-4.12,-5.41%-6.05
42,6.77-5.79,4.34-3.99,2.78-3.14,3410-3781,0.33-0.52,4.79-3.86,-5.60%-5.93
44,40.07-36.23,11.83-9.94,16.99-18.89,3940-5088,0.79-2.36,6.42-4.86,-5.75%-6.50
45,53.39-46.30,7.65-3.35,49.12-53.42,4074-5754,0.96-3.06,7.02-5.69,-5.76%-6.72
46,30.71-28.37,0.31-0.23,2.26-2.33,3312-3673,0.28-0.45,4.56-3.52,-6.77%-7.20
47,6.59-3.61,13.27-8.05,39.26-44.48,4074-5754,0.96-3.06,7.02-5.69,-5.52%-6.27
48,40.58-36.44,29.99-18.03,25.29-37.26,4074-5754,0.96-3.06,7.02-5.69,-5.06%-5.88
49,47.24-42.53,1263-797,1482-1948,4074-5754,0.96-3.06,7.02-5.69,-3.48%-4.31
50,20.17-18.40,0.79-0.64,3.30-3.45,3448-3802,0.34-0.53,4.82-3.91,-6.42%-6.80